Trial Number,Batch Size,Feature Noised,Accuracy,Noise Std Dev,Feature Importance,Importance Ratio,Importance Difference,Accuracy Difference,Accuracy Ratio
0,3,Baseline,0.9368888888888889,0.0,0.0,1,0.0,0.0,1.0
0,3,Clean Important Feature w/ Higher Variance,0.9358222222222224,0.125,0.15260385465662255,0.8630766587564557,0.02089502966622897,0.0010666666666664382,0.9988614800759016
0,3,Clean Important Feature w/ Higher Variance,0.9344888888888889,0.25,0.15260385465662255,0.8551970347056354,0.022097490669629183,0.0023999999999999577,0.997438330170778
0,3,Clean Important Feature w/ Higher Variance,0.9377777777777778,0.5,0.15260385465662255,0.8754572499709826,0.019005703723964235,-0.000888888888888939,1.0009487666034156
0,3,Clean Important Feature w/ Higher Variance,0.9395555555555555,0.75,0.15260385465662255,0.8929101319899267,0.016342326653006112,-0.002666666666666595,1.0028462998102465
0,3,Clean Important Feature w/ Higher Variance,0.9336888888888886,1.0,0.15260385465662255,0.8793471343685562,0.018412092370725858,0.0032000000000003137,0.9965844402277036
0,3,Clean Important Feature w/ Higher Variance,0.9364444444444444,2.0,0.15260385465662255,0.8186773219048553,0.027670539613981013,0.0004444444444444695,0.9995256166982922
0,3,Clean Important Feature w/ Higher Variance,0.9384888888888889,4.0,0.15260385465662255,0.8035081013408975,0.029985421144177488,-0.0016000000000000458,1.001707779886148
0,3,Dirty Important Feature Reversed,0.933688888888889,0.125,0.2623662541940558,1.1611488012167066,-0.04228000734308979,0.0031999999999998696,0.9965844402277041
0,3,Dirty Important Feature Reversed,0.9342222222222223,0.25,0.2623662541940558,1.0309825756033757,-0.008128782306341842,0.002666666666666595,0.9971537001897534
0,3,Dirty Important Feature Reversed,0.9217777777777778,0.5,0.2623662541940558,0.8642518734308595,0.03561572748180597,0.015111111111111075,0.9838709677419355
0,3,Dirty Important Feature Reversed,0.9176,0.75,0.2623662541940558,0.7585400241596233,0.06335094939902686,0.01928888888888891,0.9794117647058823
0,3,Dirty Important Feature Reversed,0.9156444444444443,1.0,0.2623662541940558,0.6906136787492259,0.0811725302054444,0.02124444444444462,0.977324478178368
0,3,Dirty Important Feature Reversed,0.9091555555555555,2.0,0.2623662541940558,0.6675568012835991,0.08722187677951226,0.027733333333333388,0.9703984819734345
0,3,Dirty Important Feature Reversed,0.9112888888888888,4.0,0.2623662541940558,0.6577378294070323,0.08979804365080385,0.025600000000000067,0.9726755218216319
0,3,Clean Important Feature w/ Lower Variance,0.9351111111111111,0.125,0.5850298911493217,0.9116454657768267,0.05169004353913209,0.001777777777777767,0.9981024667931689
0,3,Clean Important Feature w/ Lower Variance,0.9370666666666667,0.25,0.5850298911493217,0.881492335704935,0.06933052594290223,-0.0001777777777778322,1.0001897533206832
0,3,Clean Important Feature w/ Lower Variance,0.9327111111111112,0.5,0.5850298911493217,0.8098723995522609,0.11123032939442257,0.004177777777777725,0.9955407969639469
0,3,Clean Important Feature w/ Lower Variance,0.9340444444444446,0.75,0.5850298911493217,0.7291159093018923,0.15847529009519695,0.002844444444444316,0.9969639468690703
0,3,Clean Important Feature w/ Lower Variance,0.9290666666666667,1.0,0.5850298911493217,0.6469838809980756,0.20652498167365185,0.007822222222222175,0.9916508538899431
0,3,Clean Important Feature w/ Lower Variance,0.9077333333333332,2.0,0.5850298911493217,0.49555717192092974,0.2951141328021545,0.029155555555555712,0.9688804554079695
0,3,Clean Important Feature w/ Lower Variance,0.8886222222222223,4.0,0.5850298911493217,0.4084703804538663,0.3460625089346743,0.04826666666666657,0.9484819734345352
1,3,Baseline,0.9342222222222222,0.0,0.0,1,0.0,0.0,1.0
1,3,Constant,0.9382222222222222,0.125,0.0,Infinity,-0.1463587196034006,-0.0040000000000000036,1.0042816365366318
1,3,Constant,0.9382222222222222,0.25,0.0,Infinity,-0.1463587196034006,-0.0040000000000000036,1.0042816365366318
1,3,Constant,0.9382222222222222,0.5,0.0,Infinity,-0.1463587196034006,-0.0040000000000000036,1.0042816365366318
1,3,Constant,0.9382222222222222,0.75,0.0,Infinity,-0.1463587196034006,-0.0040000000000000036,1.0042816365366318
1,3,Constant,0.9382222222222222,1.0,0.0,Infinity,-0.1463587196034006,-0.0040000000000000036,1.0042816365366318
1,3,Constant,0.9382222222222222,2.0,0.0,Infinity,-0.1463587196034006,-0.0040000000000000036,1.0042816365366318
1,3,Constant,0.9382222222222222,4.0,0.0,Infinity,-0.1463587196034006,-0.0040000000000000036,1.0042816365366318
1,3,Dirty Important Feature,0.9352,0.125,0.7934502930232512,0.9823892130244334,0.013973284086133408,-0.0009777777777778551,1.00104662226451
1,3,Dirty Important Feature,0.9345777777777778,0.25,0.7934502930232512,0.9660242464073747,0.0269580716437543,-0.0003555555555556644,1.0003805899143674
1,3,Dirty Important Feature,0.9272888888888889,0.5,0.7934502930232512,0.9215304550916965,0.06226168340089455,0.006933333333333236,0.9925784966698383
1,3,Dirty Important Feature,0.9165333333333333,0.75,0.7934502930232512,0.8752457507748552,0.09898629560358685,0.017688888888888865,0.9810656517602284
1,3,Dirty Important Feature,0.9064,1.0,0.7934502930232512,0.8292788791725672,0.13545872334578446,0.027822222222222193,0.9702188392007612
1,3,Dirty Important Feature,0.8821333333333333,2.0,0.7934502930232512,0.7159716216571765,0.2253624000230321,0.05208888888888885,0.9442435775451951
1,3,Dirty Important Feature,0.8792888888888889,4.0,0.7934502930232512,0.6474548536078594,0.27972704970876894,0.05493333333333328,0.941198858230257
1,3,Noise,0.9314666666666666,0.125,0.20654970697674888,1.0148326425910263,-0.0030636779808673464,0.002755555555555622,0.9970504281636536
1,3,Noise,0.935288888888889,0.25,0.20654970697674888,1.0313063644787823,-0.006466320409599796,-0.0010666666666667712,1.001141769743102
1,3,Noise,0.9336888888888888,0.5,0.20654970697674888,1.0321279449675904,-0.006636017618820933,0.0005333333333333856,0.999429115128449
1,3,Noise,0.9333333333333333,0.75,0.20654970697674888,0.984999578552744,0.003098332654458469,0.000888888888888828,0.9990485252140819
1,3,Noise,0.9346666666666668,1.0,0.20654970697674888,0.9513775598017042,0.010042950775452475,-0.00044444444444458053,1.0004757373929591
1,3,Noise,0.9358222222222222,2.0,0.20654970697674888,0.9572068286054792,0.008838917012144065,-0.0016000000000000458,1.0017126546146529
1,3,Noise,0.9365333333333332,4.0,0.20654970697674888,0.988383867154669,0.002399308835406122,-0.0023111111111110416,1.0024738344433872
2,3,Baseline,0.9484444444444444,0.0,0.0,1,0.0,0.0,1.0
2,3,Dirty Important Feature Reversed,0.9499555555555558,0.125,0.2588989311919059,1.4228945284231143,-0.10948694141564935,-0.0015111111111113518,1.0015932521087163
2,3,Dirty Important Feature Reversed,0.9471111111111112,0.25,0.2588989311919059,1.2693087151024638,-0.06972373850069336,0.0013333333333331865,0.998594189315839
2,3,Dirty Important Feature Reversed,0.9476444444444443,0.5,0.2588989311919059,1.0095438574080637,-0.00247089448239568,0.0008000000000001339,0.9991565135895032
2,3,Dirty Important Feature Reversed,0.9418666666666666,0.75,0.2588989311919059,0.9364417967784426,0.016455150882539155,0.0065777777777777935,0.9930646672914714
2,3,Dirty Important Feature Reversed,0.9411555555555555,1.0,0.2588989311919059,0.8791579409959764,0.03128587991917092,0.0072888888888889,0.9923149015932521
2,3,Dirty Important Feature Reversed,0.9429333333333334,2.0,0.2588989311919059,0.8329240468593769,0.04325578569597627,0.005511111111111022,0.9941893158388004
2,3,Dirty Important Feature Reversed,0.9453333333333334,4.0,0.2588989311919059,0.8229612876044343,0.04583513341880319,0.0031111111111110645,0.9967197750702906
2,3,Dirty Important Feature,0.9507555555555556,0.125,0.7411010688080941,0.8094417975549981,0.14122288750214007,-0.0023111111111111526,1.0024367385192128
2,3,Dirty Important Feature,0.9480000000000001,0.25,0.7411010688080941,0.7891698247684628,0.15624646820109,0.0004444444444443585,0.999531396438613
2,3,Dirty Important Feature,0.951288888888889,0.5,0.7411010688080941,0.7323313123433502,0.198369550508803,-0.0028444444444445383,1.0029990627928773
2,3,Dirty Important Feature,0.9489777777777778,0.75,0.7411010688080941,0.6651234885413972,0.2481773405606965,-0.0005333333333333856,1.0005623242736645
2,3,Dirty Important Feature,0.941688888888889,1.0,0.7411010688080941,0.6015490352907444,0.29529243581364545,0.006755555555555404,0.9928772258669167
2,3,Dirty Important Feature,0.9174222222222224,2.0,0.7411010688080941,0.4443726170447159,0.41177604736720524,0.031022222222222062,0.9672914714151829
2,3,Dirty Important Feature,0.9019555555555556,4.0,0.7411010688080941,0.3659837371458439,0.4698701300429286,0.0464888888888888,0.950984067478913
2,3,Constant,0.9511111111111112,0.125,0.0,Infinity,-0.10703431464897059,-0.002666666666666817,1.0028116213683225
2,3,Constant,0.9511111111111112,0.25,0.0,Infinity,-0.10703431464897059,-0.002666666666666817,1.0028116213683225
2,3,Constant,0.9511111111111112,0.5,0.0,Infinity,-0.10703431464897059,-0.002666666666666817,1.0028116213683225
2,3,Constant,0.9511111111111112,0.75,0.0,Infinity,-0.10703431464897059,-0.002666666666666817,1.0028116213683225
2,3,Constant,0.9511111111111112,1.0,0.0,Infinity,-0.10703431464897059,-0.002666666666666817,1.0028116213683225
2,3,Constant,0.9511111111111112,2.0,0.0,Infinity,-0.10703431464897059,-0.002666666666666817,1.0028116213683225
2,3,Constant,0.9511111111111112,4.0,0.0,Infinity,-0.10703431464897059,-0.002666666666666817,1.0028116213683225
3,3,Baseline,0.8666666666666667,0.0,0.0,1,0.0,0.0,1.0
3,3,Dirty Important Feature Reversed,0.8662222222222222,0.125,0.6021435638743189,1.1007552397619493,-0.060669119149271644,0.0004444444444444695,0.9994871794871795
3,3,Dirty Important Feature Reversed,0.8648,0.25,0.6021435638743189,1.0256254014745323,-0.015430170569585067,0.0018666666666666831,0.9978461538461538
3,3,Dirty Important Feature Reversed,0.8707555555555555,0.5,0.6021435638743189,0.9113426780318306,0.053384435813466524,-0.004088888888888809,1.0047179487179487
3,3,Dirty Important Feature Reversed,0.8682666666666666,0.75,0.6021435638743189,0.848101933645112,0.09146444302055001,-0.0015999999999999348,1.0018461538461538
3,3,Dirty Important Feature Reversed,0.8703111111111111,1.0,0.6021435638743189,0.8222727599167684,0.10701731374126378,-0.00364444444444445,1.0042051282051283
3,3,Dirty Important Feature Reversed,0.8697777777777779,2.0,0.6021435638743189,0.7857759416894966,0.12899363793870644,-0.0031111111111111756,1.0035897435897436
3,3,Dirty Important Feature Reversed,0.8716444444444444,4.0,0.6021435638743189,0.7988348883704055,0.1211302772438192,-0.004977777777777748,1.0057435897435898
3,3,Constant,0.8736888888888888,0.125,0.0,Infinity,-0.20458832580906927,-0.007022222222222152,1.008102564102564
3,3,Constant,0.8736888888888888,0.25,0.0,Infinity,-0.20458832580906927,-0.007022222222222152,1.008102564102564
3,3,Constant,0.8736888888888888,0.5,0.0,Infinity,-0.20458832580906927,-0.007022222222222152,1.008102564102564
3,3,Constant,0.8736888888888888,0.75,0.0,Infinity,-0.20458832580906927,-0.007022222222222152,1.008102564102564
3,3,Constant,0.8736888888888888,1.0,0.0,Infinity,-0.20458832580906927,-0.007022222222222152,1.008102564102564
3,3,Constant,0.8736888888888888,2.0,0.0,Infinity,-0.20458832580906927,-0.007022222222222152,1.008102564102564
3,3,Constant,0.8736888888888888,4.0,0.0,Infinity,-0.20458832580906927,-0.007022222222222152,1.008102564102564
3,3,Clean Important Feature w/ Higher Variance,0.8578666666666667,0.125,0.39785643612568117,0.8035829993383973,0.07814576787772082,0.00880000000000003,0.9898461538461538
3,3,Clean Important Feature w/ Higher Variance,0.8652444444444443,0.25,0.39785643612568117,0.784486676426219,0.08574336285466522,0.0014222222222224357,0.9983589743589741
3,3,Clean Important Feature w/ Higher Variance,0.8646222222222223,0.5,0.39785643612568117,0.7713964127264795,0.090951408518189,0.0020444444444444043,0.9976410256410256
3,3,Clean Important Feature w/ Higher Variance,0.8681777777777778,0.75,0.39785643612568117,0.76962253021861,0.09165715909087563,-0.0015111111111111297,1.0017435897435898
3,3,Clean Important Feature w/ Higher Variance,0.8694222222222221,1.0,0.39785643612568117,0.7729851653164275,0.09031931307486685,-0.0027555555555554,1.003179487179487
3,3,Clean Important Feature w/ Higher Variance,0.8680888888888887,2.0,0.39785643612568117,0.7534133689835121,0.09810607821245826,-0.0014222222222219916,1.0016410256410253
3,3,Clean Important Feature w/ Higher Variance,0.8679111111111112,4.0,0.39785643612568117,0.7366574487641064,0.1047725289149572,-0.0012444444444444924,1.0014358974358974
4,3,Baseline,0.9608888888888889,0.0,0.0,1,0.0,0.0,1.0
4,3,Dirty Important Feature,0.9585777777777779,0.125,0.46524253120290904,0.8504439294851897,0.06957984480307111,0.0023111111111110416,0.9975948196114709
4,3,Dirty Important Feature,0.9566222222222223,0.25,0.46524253120290904,0.8398341655400655,0.07451595823636603,0.004266666666666641,0.9955596669750232
4,3,Dirty Important Feature,0.9559111111111112,0.5,0.46524253120290904,0.7462731164335314,0.11804453754468963,0.004977777777777748,0.9948196114708604
4,3,Dirty Important Feature,0.9472888888888887,0.75,0.46524253120290904,0.6732067762142653,0.15203810661403394,0.013600000000000168,0.985846438482886
4,3,Dirty Important Feature,0.9382222222222222,1.0,0.46524253120290904,0.5915827807299842,0.19001306088003567,0.022666666666666724,0.9764107308048103
4,3,Dirty Important Feature,0.9186666666666667,2.0,0.46524253120290904,0.43911001748197376,0.2609498751930419,0.04222222222222216,0.9560592044403331
4,3,Dirty Important Feature,0.9143111111111111,4.0,0.46524253120290904,0.3832222847197948,0.2869512254465098,0.04657777777777783,0.9515263644773357
4,3,Noise,0.9588444444444445,0.125,0.09710077757944566,1.175317707927564,-0.017023485763212623,0.0020444444444444043,0.997872340425532
4,3,Noise,0.9580444444444444,0.25,0.09710077757944566,1.1524467583804354,-0.014802698778206155,0.0028444444444445383,0.9970397779833486
4,3,Noise,0.9595555555555556,0.5,0.09710077757944566,1.170200612787319,-0.016526611846146816,0.0013333333333332975,0.9986123959296948
4,3,Noise,0.959911111111111,0.75,0.09710077757944566,1.1614310186272576,-0.0156750774341487,0.0009777777777778551,0.998982423681776
4,3,Noise,0.9582222222222223,1.0,0.09710077757944566,1.190598692618347,-0.018507281258867248,0.002666666666666595,0.9972247918593895
4,3,Noise,0.9595555555555555,2.0,0.09710077757944566,1.1296352963872247,-0.01258768808094142,0.0013333333333334085,0.9986123959296946
4,3,Noise,0.9581333333333333,4.0,0.09710077757944566,1.1184185466612162,-0.011498532960631955,0.002755555555555622,0.9971322849213691
4,3,Clean Important Feature w/ Lower Variance,0.9583111111111112,0.125,0.4376566912176453,1.0950106458246225,-0.04158204488205586,0.002577777777777679,0.9973172987974099
4,3,Clean Important Feature w/ Lower Variance,0.9595555555555556,0.25,0.4376566912176453,1.0775794578222557,-0.033953168816947266,0.0013333333333332975,0.9986123959296948
4,3,Clean Important Feature w/ Lower Variance,0.9625777777777778,0.5,0.4376566912176453,0.9649609669570469,0.015335067265044577,-0.001688888888888851,1.0017576318223866
4,3,Clean Important Feature w/ Lower Variance,0.9594666666666667,0.75,0.4376566912176453,0.8370587971606829,0.07131230769767871,0.0014222222222222136,0.9985198889916744
4,3,Clean Important Feature w/ Lower Variance,0.958488888888889,1.0,0.4376566912176453,0.7309906930659021,0.11773372317952924,0.0023999999999999577,0.9975023126734506
4,3,Clean Important Feature w/ Lower Variance,0.9566222222222223,2.0,0.4376566912176453,0.5088857646854549,0.21493943123764786,0.004266666666666641,0.9955596669750232
4,3,Clean Important Feature w/ Lower Variance,0.9552888888888887,4.0,0.4376566912176453,0.40430912282474457,0.260708098293059,0.00560000000000016,0.9941720629047177
5,3,Baseline,0.8826666666666667,0.0,0.0,1,0.0,0.0,1.0
5,3,Dirty Important Feature Reversed,0.8847111111111111,0.125,0.6591281886915279,1.0948190937822302,-0.06249793753805344,-0.0020444444444444043,1.0023162134944612
5,3,Dirty Important Feature Reversed,0.8893333333333333,0.25,0.6591281886915279,1.0479980461595768,-0.03163686522589426,-0.006666666666666599,1.0075528700906344
5,3,Dirty Important Feature Reversed,0.8920888888888889,0.5,0.6591281886915279,0.9485681584228683,0.033900176579804375,-0.00942222222222222,1.01067472306143
5,3,Dirty Important Feature Reversed,0.8930666666666666,0.75,0.6591281886915279,0.8643189837993682,0.0894311824481483,-0.010399999999999854,1.0117824773413895
5,3,Dirty Important Feature Reversed,0.8930666666666666,1.0,0.6591281886915279,0.8375776303996724,0.10705716227764983,-0.010399999999999854,1.0117824773413895
5,3,Dirty Important Feature Reversed,0.8938666666666666,2.0,0.6591281886915279,0.791075055725414,0.13770832009218625,-0.011199999999999877,1.0126888217522658
5,3,Dirty Important Feature Reversed,0.8943111111111112,4.0,0.6591281886915279,0.7823256892614191,0.14347527416179762,-0.011644444444444457,1.0131923464249748
5,3,Noise,0.8851555555555555,0.125,0.3408718113084721,0.7520603927013638,0.08451562303499738,-0.002488888888888763,1.00281973816717
5,3,Noise,0.8816,0.25,0.3408718113084721,0.7944333583295162,0.07007187349081745,0.0010666666666666602,0.9987915407854985
5,3,Noise,0.8792888888888889,0.5,0.3408718113084721,0.7913600611572779,0.07111947386460754,0.003377777777777813,0.9961732124874119
5,3,Noise,0.8839111111111111,0.75,0.3408718113084721,0.7432826680475407,0.0875077019369131,-0.0012444444444443814,1.001409869083585
5,3,Noise,0.878488888888889,1.0,0.3408718113084721,0.7848941256826207,0.07332352900165762,0.004177777777777725,0.9952668680765359
5,3,Noise,0.8775999999999999,2.0,0.3408718113084721,0.8136690609412688,0.06351496469975826,0.005066666666666775,0.9942598187311177
5,3,Noise,0.8834666666666667,4.0,0.3408718113084721,0.7845313417383272,0.0734471918218626,-0.0008000000000000229,1.0009063444108761
5,3,Constant,0.892711111111111,0.125,0.0,Infinity,-0.18190981712034401,-0.0100444444444443,1.0113796576032223
5,3,Constant,0.892711111111111,0.25,0.0,Infinity,-0.18190981712034401,-0.0100444444444443,1.0113796576032223
5,3,Constant,0.892711111111111,0.5,0.0,Infinity,-0.18190981712034401,-0.0100444444444443,1.0113796576032223
5,3,Constant,0.892711111111111,0.75,0.0,Infinity,-0.18190981712034401,-0.0100444444444443,1.0113796576032223
5,3,Constant,0.892711111111111,1.0,0.0,Infinity,-0.18190981712034401,-0.0100444444444443,1.0113796576032223
5,3,Constant,0.892711111111111,2.0,0.0,Infinity,-0.18190981712034401,-0.0100444444444443,1.0113796576032223
5,3,Constant,0.892711111111111,4.0,0.0,Infinity,-0.18190981712034401,-0.0100444444444443,1.0113796576032223
6,3,Baseline,0.8666666666666667,0.0,0.0,1,0.0,0.0,1.0
6,3,Dirty Important Feature Reversed,0.8662222222222222,0.125,0.6021435638743189,1.1007552397619493,-0.060669119149271644,0.0004444444444444695,0.9994871794871795
6,3,Dirty Important Feature Reversed,0.8648,0.25,0.6021435638743189,1.0256254014745323,-0.015430170569585067,0.0018666666666666831,0.9978461538461538
6,3,Dirty Important Feature Reversed,0.8707555555555555,0.5,0.6021435638743189,0.9113426780318306,0.053384435813466524,-0.004088888888888809,1.0047179487179487
6,3,Dirty Important Feature Reversed,0.8682666666666666,0.75,0.6021435638743189,0.848101933645112,0.09146444302055001,-0.0015999999999999348,1.0018461538461538
6,3,Dirty Important Feature Reversed,0.8703111111111111,1.0,0.6021435638743189,0.8222727599167684,0.10701731374126378,-0.00364444444444445,1.0042051282051283
6,3,Dirty Important Feature Reversed,0.8697777777777779,2.0,0.6021435638743189,0.7857759416894966,0.12899363793870644,-0.0031111111111111756,1.0035897435897436
6,3,Dirty Important Feature Reversed,0.8716444444444444,4.0,0.6021435638743189,0.7988348883704055,0.1211302772438192,-0.004977777777777748,1.0057435897435898
6,3,Constant,0.8736888888888888,0.125,0.0,Infinity,-0.20458832580906927,-0.007022222222222152,1.008102564102564
6,3,Constant,0.8736888888888888,0.25,0.0,Infinity,-0.20458832580906927,-0.007022222222222152,1.008102564102564
6,3,Constant,0.8736888888888888,0.5,0.0,Infinity,-0.20458832580906927,-0.007022222222222152,1.008102564102564
6,3,Constant,0.8736888888888888,0.75,0.0,Infinity,-0.20458832580906927,-0.007022222222222152,1.008102564102564
6,3,Constant,0.8736888888888888,1.0,0.0,Infinity,-0.20458832580906927,-0.007022222222222152,1.008102564102564
6,3,Constant,0.8736888888888888,2.0,0.0,Infinity,-0.20458832580906927,-0.007022222222222152,1.008102564102564
6,3,Constant,0.8736888888888888,4.0,0.0,Infinity,-0.20458832580906927,-0.007022222222222152,1.008102564102564
6,3,Clean Important Feature w/ Higher Variance,0.8578666666666667,0.125,0.39785643612568117,0.8035829993383973,0.07814576787772082,0.00880000000000003,0.9898461538461538
6,3,Clean Important Feature w/ Higher Variance,0.8652444444444443,0.25,0.39785643612568117,0.784486676426219,0.08574336285466522,0.0014222222222224357,0.9983589743589741
6,3,Clean Important Feature w/ Higher Variance,0.8646222222222223,0.5,0.39785643612568117,0.7713964127264795,0.090951408518189,0.0020444444444444043,0.9976410256410256
6,3,Clean Important Feature w/ Higher Variance,0.8681777777777778,0.75,0.39785643612568117,0.76962253021861,0.09165715909087563,-0.0015111111111111297,1.0017435897435898
6,3,Clean Important Feature w/ Higher Variance,0.8694222222222221,1.0,0.39785643612568117,0.7729851653164275,0.09031931307486685,-0.0027555555555554,1.003179487179487
6,3,Clean Important Feature w/ Higher Variance,0.8680888888888887,2.0,0.39785643612568117,0.7534133689835121,0.09810607821245826,-0.0014222222222219916,1.0016410256410253
6,3,Clean Important Feature w/ Higher Variance,0.8679111111111112,4.0,0.39785643612568117,0.7366574487641064,0.1047725289149572,-0.0012444444444444924,1.0014358974358974
7,3,Baseline,0.9528888888888889,0.0,0.0,1,0.0,0.0,1.0
7,3,Dirty Important Feature,0.9483555555555554,0.125,0.6973536231375219,0.8618445752687537,0.09634318599243785,0.0045333333333335,0.9952425373134327
7,3,Dirty Important Feature,0.9494222222222224,0.25,0.6973536231375219,0.8435549369775006,0.10909753152071788,0.003466666666666507,0.9963619402985077
7,3,Dirty Important Feature,0.9469333333333333,0.5,0.6973536231375219,0.7840982839567896,0.15055984392434119,0.005955555555555603,0.9937499999999999
7,3,Dirty Important Feature,0.936711111111111,0.75,0.6973536231375219,0.7174805671437875,0.1970159501090376,0.016177777777777846,0.9830223880597014
7,3,Dirty Important Feature,0.9315555555555557,1.0,0.6973536231375219,0.6547062810268192,0.24079182597257698,0.021333333333333204,0.9776119402985076
7,3,Dirty Important Feature,0.9050666666666667,2.0,0.6973536231375219,0.5064728785686697,0.3441629262467699,0.04782222222222221,0.9498134328358209
7,3,Dirty Important Feature,0.8987555555555554,4.0,0.6973536231375219,0.4268381367207183,0.3996965020020601,0.05413333333333348,0.9431902985074625
7,3,Constant,0.9502222222222224,0.125,0.0,Infinity,-0.10527060295618351,0.002666666666666484,0.9972014925373136
7,3,Constant,0.9502222222222224,0.25,0.0,Infinity,-0.10527060295618351,0.002666666666666484,0.9972014925373136
7,3,Constant,0.9502222222222224,0.5,0.0,Infinity,-0.10527060295618351,0.002666666666666484,0.9972014925373136
7,3,Constant,0.9502222222222224,0.75,0.0,Infinity,-0.10527060295618351,0.002666666666666484,0.9972014925373136
7,3,Constant,0.9502222222222224,1.0,0.0,Infinity,-0.10527060295618351,0.002666666666666484,0.9972014925373136
7,3,Constant,0.9502222222222224,2.0,0.0,Infinity,-0.10527060295618351,0.002666666666666484,0.9972014925373136
7,3,Constant,0.9502222222222224,4.0,0.0,Infinity,-0.10527060295618351,0.002666666666666484,0.9972014925373136
7,3,Dirty Important Feature Reversed,0.9511111111111111,0.125,0.3026463768624782,1.2521479471121937,-0.07631166262681721,0.001777777777777767,0.9981343283582089
7,3,Dirty Important Feature Reversed,0.9471999999999999,0.25,0.3026463768624782,1.1346092583552554,-0.040739004333363305,0.0056888888888889655,0.9940298507462686
7,3,Dirty Important Feature Reversed,0.9464888888888888,0.5,0.3026463768624782,0.9426099711399942,0.01736888430251382,0.006400000000000072,0.9932835820895521
7,3,Dirty Important Feature Reversed,0.9457777777777778,0.75,0.3026463768624782,0.8432484582087431,0.04744028619073126,0.007111111111111068,0.9925373134328359
7,3,Dirty Important Feature Reversed,0.9437333333333333,1.0,0.3026463768624782,0.7646228515533338,0.07123604117360524,0.009155555555555583,0.990391791044776
7,3,Dirty Important Feature Reversed,0.9446222222222224,2.0,0.3026463768624782,0.6854519797996007,0.09519681866291643,0.008266666666666533,0.9913246268656718
7,3,Dirty Important Feature Reversed,0.9449777777777776,4.0,0.3026463768624782,0.6869270707009991,0.0947503877460654,0.007911111111111313,0.9916977611940296
8,3,Baseline,0.9528888888888889,0.0,0.0,1,0.0,0.0,1.0
8,3,Dirty Important Feature,0.9483555555555554,0.125,0.6973536231375219,0.8618445752687537,0.09634318599243785,0.0045333333333335,0.9952425373134327
8,3,Dirty Important Feature,0.9494222222222224,0.25,0.6973536231375219,0.8435549369775006,0.10909753152071788,0.003466666666666507,0.9963619402985077
8,3,Dirty Important Feature,0.9469333333333333,0.5,0.6973536231375219,0.7840982839567896,0.15055984392434119,0.005955555555555603,0.9937499999999999
8,3,Dirty Important Feature,0.936711111111111,0.75,0.6973536231375219,0.7174805671437875,0.1970159501090376,0.016177777777777846,0.9830223880597014
8,3,Dirty Important Feature,0.9315555555555557,1.0,0.6973536231375219,0.6547062810268192,0.24079182597257698,0.021333333333333204,0.9776119402985076
8,3,Dirty Important Feature,0.9050666666666667,2.0,0.6973536231375219,0.5064728785686697,0.3441629262467699,0.04782222222222221,0.9498134328358209
8,3,Dirty Important Feature,0.8987555555555554,4.0,0.6973536231375219,0.4268381367207183,0.3996965020020601,0.05413333333333348,0.9431902985074625
8,3,Constant,0.9502222222222224,0.125,0.0,Infinity,-0.10527060295618351,0.002666666666666484,0.9972014925373136
8,3,Constant,0.9502222222222224,0.25,0.0,Infinity,-0.10527060295618351,0.002666666666666484,0.9972014925373136
8,3,Constant,0.9502222222222224,0.5,0.0,Infinity,-0.10527060295618351,0.002666666666666484,0.9972014925373136
8,3,Constant,0.9502222222222224,0.75,0.0,Infinity,-0.10527060295618351,0.002666666666666484,0.9972014925373136
8,3,Constant,0.9502222222222224,1.0,0.0,Infinity,-0.10527060295618351,0.002666666666666484,0.9972014925373136
8,3,Constant,0.9502222222222224,2.0,0.0,Infinity,-0.10527060295618351,0.002666666666666484,0.9972014925373136
8,3,Constant,0.9502222222222224,4.0,0.0,Infinity,-0.10527060295618351,0.002666666666666484,0.9972014925373136
8,3,Dirty Important Feature Reversed,0.9511111111111111,0.125,0.3026463768624782,1.2521479471121937,-0.07631166262681721,0.001777777777777767,0.9981343283582089
8,3,Dirty Important Feature Reversed,0.9471999999999999,0.25,0.3026463768624782,1.1346092583552554,-0.040739004333363305,0.0056888888888889655,0.9940298507462686
8,3,Dirty Important Feature Reversed,0.9464888888888888,0.5,0.3026463768624782,0.9426099711399942,0.01736888430251382,0.006400000000000072,0.9932835820895521
8,3,Dirty Important Feature Reversed,0.9457777777777778,0.75,0.3026463768624782,0.8432484582087431,0.04744028619073126,0.007111111111111068,0.9925373134328359
8,3,Dirty Important Feature Reversed,0.9437333333333333,1.0,0.3026463768624782,0.7646228515533338,0.07123604117360524,0.009155555555555583,0.990391791044776
8,3,Dirty Important Feature Reversed,0.9446222222222224,2.0,0.3026463768624782,0.6854519797996007,0.09519681866291643,0.008266666666666533,0.9913246268656718
8,3,Dirty Important Feature Reversed,0.9449777777777776,4.0,0.3026463768624782,0.6869270707009991,0.0947503877460654,0.007911111111111313,0.9916977611940296
9,3,Baseline,0.9137777777777778,0.0,0.0,1,0.0,0.0,1.0
9,3,Clean Important Feature w/ Higher Variance,0.9076444444444445,0.125,0.28383907732816543,0.9508817797240487,0.013941670323127597,0.006133333333333324,0.9932879377431907
9,3,Clean Important Feature w/ Higher Variance,0.9088888888888889,0.25,0.28383907732816543,0.9570659925250853,0.012186349067680347,0.004888888888888943,0.9946498054474707
9,3,Clean Important Feature w/ Higher Variance,0.9068444444444443,0.5,0.28383907732816543,0.9381040075745186,0.017568501380359758,0.006933333333333458,0.9924124513618676
9,3,Clean Important Feature w/ Higher Variance,0.907111111111111,0.75,0.28383907732816543,0.9310119180162715,0.01958151353690135,0.006666666666666821,0.9927042801556418
9,3,Clean Important Feature w/ Higher Variance,0.9019555555555556,1.0,0.28383907732816543,0.9476284126101222,0.014865103042954297,0.011822222222222178,0.9870622568093386
9,3,Clean Important Feature w/ Higher Variance,0.8973333333333333,2.0,0.28383907732816543,0.9083426790883872,0.026015929397923743,0.016444444444444484,0.9820038910505836
9,3,Clean Important Feature w/ Higher Variance,0.9072000000000001,4.0,0.28383907732816543,0.91821679277136,0.02321327008071533,0.0065777777777776825,0.9928015564202336
9,3,Clean Important Feature w/ Lower Variance,0.9098666666666666,0.125,0.7161609226718346,1.0132306287156165,-0.009475259268504455,0.0039111111111111985,0.9957198443579766
9,3,Clean Important Feature w/ Lower Variance,0.9114666666666666,0.25,0.7161609226718346,1.006510898378654,-0.00466285099027941,0.0023111111111111526,0.9974708171206226
9,3,Clean Important Feature w/ Lower Variance,0.9064,0.5,0.7161609226718346,0.951670488565587,0.03461170750114817,0.007377777777777816,0.9919260700389104
9,3,Clean Important Feature w/ Lower Variance,0.9067555555555555,0.75,0.7161609226718346,0.910970680485659,0.063759319608236,0.007022222222222263,0.9923151750972762
9,3,Clean Important Feature w/ Lower Variance,0.8999111111111111,1.0,0.7161609226718346,0.862323580770379,0.09859847142563971,0.013866666666666694,0.9848249027237354
9,3,Clean Important Feature w/ Lower Variance,0.8946666666666665,2.0,0.7161609226718346,0.7560999468155515,0.17467168712828418,0.0191111111111113,0.9790856031128402
9,3,Clean Important Feature w/ Lower Variance,0.8973333333333333,4.0,0.7161609226718346,0.6949498024513916,0.2184650309376368,0.016444444444444484,0.9820038910505836
9,3,Constant,0.9124444444444446,0.125,0.0,Infinity,-0.16864376661234953,0.0013333333333331865,0.9985408560311285
9,3,Constant,0.9124444444444446,0.25,0.0,Infinity,-0.1686820132504349,0.0013333333333331865,0.9985408560311285
9,3,Constant,0.9124444444444446,0.5,0.0,Infinity,-0.1686820132504349,0.0013333333333331865,0.9985408560311285
9,3,Constant,0.9124444444444446,0.75,0.0,Infinity,-0.1686820132504349,0.0013333333333331865,0.9985408560311285
9,3,Constant,0.9124444444444446,1.0,0.0,Infinity,-0.1686820132504349,0.0013333333333331865,0.9985408560311285
9,3,Constant,0.9124444444444446,2.0,0.0,Infinity,-0.1686820132504349,0.0013333333333331865,0.9985408560311285
9,3,Constant,0.9124444444444446,4.0,0.0,Infinity,-0.1686820132504349,0.0013333333333331865,0.9985408560311285
0,5,Baseline,0.9697777777777777,0.0,0.0,1,0.0,0.0,1.0
0,5,Clean Important Feature w/ Higher Variance,0.9714666666666666,0.125,0.0527734392569885,1.0886078997709598,-0.004676143616252078,-0.001688888888888851,1.0017415215398717
0,5,Clean Important Feature w/ Higher Variance,0.9717333333333334,0.25,0.0527734392569885,1.0854620785710933,-0.004510127812247577,-0.0019555555555557103,1.0020164986251148
0,5,Clean Important Feature w/ Higher Variance,0.9697777777777778,0.5,0.0527734392569885,1.136889993399039,-0.007224155751533741,-1.1102230246251565e-16,1.0000000000000002
0,5,Clean Important Feature w/ Higher Variance,0.9706666666666667,0.75,0.0527734392569885,1.0621427118565212,-0.0032794846294246574,-0.000888888888888939,1.000916590284143
0,5,Clean Important Feature w/ Higher Variance,0.9690666666666667,1.0,0.0527734392569885,1.0640553549196672,-0.0033804213819378995,0.0007111111111109958,0.9992667277726858
0,5,Clean Important Feature w/ Higher Variance,0.9717333333333334,2.0,0.0527734392569885,1.0152610605109074,-0.0008053786498695911,-0.0019555555555557103,1.0020164986251148
0,5,Clean Important Feature w/ Higher Variance,0.9717333333333332,4.0,0.0527734392569885,0.9924142033365044,0.0004003285794368511,-0.001955555555555488,1.0020164986251145
0,5,Dirty Important Feature Reversed,0.9715555555555555,0.125,0.18440099582211159,0.958716908754998,0.007612643136193448,-0.001777777777777767,1.001833180568286
0,5,Dirty Important Feature Reversed,0.9698666666666667,0.25,0.18440099582211159,0.8232407885182614,0.032594574617963806,-8.88888888889161e-05,1.0000916590284143
0,5,Dirty Important Feature Reversed,0.9660444444444444,0.5,0.18440099582211159,0.6035214731891057,0.07311103516601268,0.0037333333333333663,0.9961503208065994
0,5,Dirty Important Feature Reversed,0.9632,0.75,0.18440099582211159,0.5125918610927832,0.08987854618629287,0.0065777777777777935,0.9932172318973419
0,5,Dirty Important Feature Reversed,0.9612444444444443,1.0,0.18440099582211159,0.43943558828587115,0.10336863574252152,0.008533333333333393,0.9912007332722272
0,5,Dirty Important Feature Reversed,0.9609777777777777,2.0,0.18440099582211159,0.3955609460212666,0.11145916346745349,0.00880000000000003,0.9909257561869844
0,5,Dirty Important Feature Reversed,0.9601777777777778,4.0,0.18440099582211159,0.385427295217594,0.11332781876696427,0.009599999999999942,0.9901008249312558
0,5,Clean Important Feature w/ Lower Variance,0.9724444444444444,0.125,0.35630009372406896,1.1691767418694932,-0.06027768898403302,-0.002666666666666706,1.0027497708524291
0,5,Clean Important Feature w/ Lower Variance,0.9715555555555555,0.25,0.35630009372406896,1.1140208090780765,-0.04062562496101285,-0.001777777777777767,1.001833180568286
0,5,Clean Important Feature w/ Lower Variance,0.9703111111111111,0.5,0.35630009372406896,0.9639521152308416,0.012843864721805598,-0.0005333333333333856,1.0005499541704859
0,5,Clean Important Feature w/ Lower Variance,0.9683555555555555,0.75,0.35630009372406896,0.7836544574659787,0.07708393708165634,0.0014222222222222136,0.9985334555453712
0,5,Clean Important Feature w/ Lower Variance,0.9659555555555555,1.0,0.35630009372406896,0.6475192034114784,0.1255889408604247,0.0038222222222222824,0.9960586617781851
0,5,Clean Important Feature w/ Lower Variance,0.9598222222222222,2.0,0.35630009372406896,0.40480221910237263,0.21206902511818249,0.009955555555555495,0.9897341888175986
0,5,Clean Important Feature w/ Lower Variance,0.9545777777777777,4.0,0.35630009372406896,0.27499876222332226,0.2583180089698963,0.015199999999999991,0.9843263061411549
0,5,Constant,0.9699555555555553,0.125,0.0,Infinity,-0.038760905820894864,-0.00017777777777761017,1.0001833180568285
0,5,Constant,0.9699555555555553,0.25,0.0,Infinity,-0.038760905820894864,-0.00017777777777761017,1.0001833180568285
0,5,Constant,0.9699555555555553,0.5,0.0,Infinity,-0.038760905820894864,-0.00017777777777761017,1.0001833180568285
0,5,Constant,0.9699555555555553,0.75,0.0,Infinity,-0.038760905820894864,-0.00017777777777761017,1.0001833180568285
0,5,Constant,0.9699555555555553,1.0,0.0,Infinity,-0.038760905820894864,-0.00017777777777761017,1.0001833180568285
0,5,Constant,0.9699555555555553,2.0,0.0,Infinity,-0.038760905820894864,-0.00017777777777761017,1.0001833180568285
0,5,Constant,0.9699555555555553,4.0,0.0,Infinity,-0.038760905820894864,-0.00017777777777761017,1.0001833180568285
0,5,Dirty Important Feature,0.9699555555555553,0.125,0.40652547119683097,0.7943027731957353,0.08362116205048514,-0.00017777777777761017,1.0001833180568285
0,5,Dirty Important Feature,0.9696,0.25,0.40652547119683097,0.7595925180428582,0.09773176488187069,0.0001777777777777212,0.9998166819431714
0,5,Dirty Important Feature,0.9658666666666667,0.5,0.40652547119683097,0.6539986038422364,0.14065838060779623,0.0039111111111110874,0.9959670027497709
0,5,Dirty Important Feature,0.9608888888888888,0.75,0.40652547119683097,0.5481569371044537,0.18368571405063128,0.008888888888888946,0.9908340971585701
0,5,Dirty Important Feature,0.9606222222222222,1.0,0.40652547119683097,0.4414738407146532,0.22705511007923188,0.009155555555555583,0.9905591200733272
0,5,Dirty Important Feature,0.9475555555555555,2.0,0.40652547119683097,0.27441908687920036,0.29496712259785995,0.022222222222222254,0.9770852428964253
0,5,Dirty Important Feature,0.9408000000000001,4.0,0.40652547119683097,0.2185804137879457,0.31766696548728807,0.028977777777777658,0.9701191567369387
1,5,Baseline,0.9493333333333334,0.0,0.0,1,0.0,0.0,1.0
1,5,Constant,0.9495999999999999,0.125,0.0,Infinity,-0.05696631081627399,-0.0002666666666665263,1.0002808988764043
1,5,Constant,0.9495999999999999,0.25,0.0,Infinity,-0.05696631081627399,-0.0002666666666665263,1.0002808988764043
1,5,Constant,0.9495999999999999,0.5,0.0,Infinity,-0.05696631081627399,-0.0002666666666665263,1.0002808988764043
1,5,Constant,0.9495999999999999,0.75,0.0,Infinity,-0.05696631081627399,-0.0002666666666665263,1.0002808988764043
1,5,Constant,0.9495999999999999,1.0,0.0,Infinity,-0.05696631081627399,-0.0002666666666665263,1.0002808988764043
1,5,Constant,0.9495999999999999,2.0,0.0,Infinity,-0.05696631081627399,-0.0002666666666665263,1.0002808988764043
1,5,Constant,0.9495999999999999,4.0,0.0,Infinity,-0.05696631081627399,-0.0002666666666665263,1.0002808988764043
1,5,Dirty Important Feature,0.9518222222222222,0.125,0.4781092321932475,0.8993677613086385,0.04811320237461447,-0.002488888888888874,1.002621722846442
1,5,Dirty Important Feature,0.9509333333333334,0.25,0.4781092321932475,0.8596151346926041,0.06711930016367151,-0.0016000000000000458,1.001685393258427
1,5,Dirty Important Feature,0.9472888888888887,0.5,0.4781092321932475,0.7607940131180843,0.1143665907241408,0.0020444444444446264,0.9978464419475653
1,5,Dirty Important Feature,0.9415111111111111,0.75,0.4781092321932475,0.6480052316897261,0.1682919484128651,0.007822222222222286,0.9917602996254681
1,5,Dirty Important Feature,0.9338666666666665,1.0,0.4781092321932475,0.5545150700497239,0.21299045781218917,0.01546666666666685,0.9837078651685391
1,5,Dirty Important Feature,0.9201777777777778,2.0,0.4781092321932475,0.3715306266815147,0.3004770095342725,0.0291555555555556,0.9692883895131086
1,5,Dirty Important Feature,0.9164444444444445,4.0,0.4781092321932475,0.2833286663250829,0.34264718107822534,0.032888888888888856,0.9653558052434458
1,5,Noise,0.9499555555555557,0.125,0.06836387999679273,1.0919538771428328,-0.006286323822232445,-0.0006222222222223017,1.0006554307116107
1,5,Noise,0.9513777777777778,0.25,0.06836387999679273,1.0843582402327192,-0.005767056612010227,-0.0020444444444444043,1.0021535580524343
1,5,Noise,0.9509333333333332,0.5,0.06836387999679273,1.0753380306180775,-0.005150400084368942,-0.0015999999999998238,1.0016853932584269
1,5,Noise,0.9511111111111111,0.75,0.06836387999679273,1.063842183973792,-0.004364499403917477,-0.001777777777777767,1.0018726591760299
1,5,Noise,0.9497777777777777,1.0,0.06836387999679273,1.0221117061473213,-0.0015116420255798096,-0.0004444444444443585,1.0004681647940075
1,5,Noise,0.9504888888888889,2.0,0.06836387999679273,1.0384102077109916,-0.002625870830606114,-0.0011555555555555763,1.0012172284644194
1,5,Noise,0.9489777777777778,4.0,0.06836387999679273,1.020497237456228,-0.0014012706817233406,0.0003555555555555534,0.999625468164794
1,5,Clean Important Feature w/ Lower Variance,0.951288888888889,0.125,0.366532326322945,1.1100258736160318,-0.04032803941219848,-0.0019555555555555992,1.002059925093633
1,5,Clean Important Feature w/ Lower Variance,0.9495999999999999,0.25,0.366532326322945,1.0645235764891237,-0.023649976593234978,-0.0002666666666665263,1.0002808988764043
1,5,Clean Important Feature w/ Lower Variance,0.9501333333333333,0.5,0.366532326322945,0.9514974751063704,0.017777743281798597,-0.0007999999999999119,1.0008426966292134
1,5,Clean Important Feature w/ Lower Variance,0.947111111111111,0.75,0.366532326322945,0.7814279717263403,0.08011371399226902,0.0022222222222223476,0.9976591760299625
1,5,Clean Important Feature w/ Lower Variance,0.9438222222222222,1.0,0.366532326322945,0.6861345592640808,0.11504183014531288,0.005511111111111133,0.9941947565543071
1,5,Clean Important Feature w/ Lower Variance,0.9399111111111111,2.0,0.366532326322945,0.4633444205558768,0.1967016179678425,0.00942222222222222,0.9900749063670412
1,5,Clean Important Feature w/ Lower Variance,0.9371555555555556,4.0,0.366532326322945,0.37377766258397027,0.2295307301284896,0.012177777777777732,0.9871722846441948
1,5,Clean Important Feature w/ Higher Variance,0.9497777777777777,0.125,0.08699456148701484,0.9806853915405265,0.0016802658932252856,-0.0004444444444443585,1.0004681647940075
1,5,Clean Important Feature w/ Higher Variance,0.9510222222222222,0.25,0.08699456148701484,0.9645922768992006,0.003080279344407688,-0.001688888888888851,1.0017790262172284
1,5,Clean Important Feature w/ Higher Variance,0.9494222222222224,0.5,0.08699456148701484,1.0145739134650318,-0.001267851211040144,-8.888888888902713e-05,1.0000936329588017
1,5,Clean Important Feature w/ Higher Variance,0.9500444444444444,0.75,0.08699456148701484,0.9888742367520321,0.0009678808949653145,-0.0007111111111109958,1.000749063670412
1,5,Clean Important Feature w/ Higher Variance,0.9514666666666667,1.0,0.08699456148701484,0.9009325342950429,0.008618330736632623,-0.0021333333333333204,1.002247191011236
1,5,Clean Important Feature w/ Higher Variance,0.951911111111111,2.0,0.08699456148701484,0.8838531959722391,0.010104140284513313,-0.002577777777777679,1.0027153558052433
1,5,Clean Important Feature w/ Higher Variance,0.9516444444444445,4.0,0.08699456148701484,0.8636092397794535,0.011865254376267037,-0.0023111111111111526,1.002434456928839
2,5,Baseline,0.9715555555555555,0.0,0.0,1,0.0,0.0,1.0
2,5,Dirty Important Feature Reversed,0.9702222222222222,0.125,0.14378356021425492,1.2183566253162028,-0.03139609298433374,0.0013333333333332975,0.9986276303751144
2,5,Dirty Important Feature Reversed,0.968,0.25,0.14378356021425492,1.0301233568320196,-0.004331243490912184,0.003555555555555534,0.9963403476669717
2,5,Dirty Important Feature Reversed,0.9638222222222221,0.5,0.14378356021425492,0.7498886543588886,0.03596189972625706,0.00773333333333337,0.9920402561756633
2,5,Dirty Important Feature Reversed,0.9632888888888889,0.75,0.14378356021425492,0.6289310758406064,0.05335361100051096,0.008266666666666644,0.9914913083257091
2,5,Dirty Important Feature Reversed,0.9629333333333333,1.0,0.14378356021425492,0.578477837558995,0.06060795722497919,0.008622222222222198,0.9911253430924063
2,5,Dirty Important Feature Reversed,0.9619555555555556,2.0,0.14378356021425492,0.5060199451839672,0.071026210956282,0.009599999999999942,0.9901189387008235
2,5,Dirty Important Feature Reversed,0.9617777777777778,4.0,0.14378356021425492,0.5099482412423755,0.07046138656342843,0.009777777777777663,0.9899359560841722
2,5,Dirty Important Feature,0.9719999999999999,0.125,0.4656348373880424,0.7860795614209389,0.09960880863173982,-0.0004444444444443585,1.0004574565416284
2,5,Dirty Important Feature,0.972088888888889,0.25,0.4656348373880424,0.745312916854687,0.11859117854520262,-0.0005333333333334966,1.0005489478499545
2,5,Dirty Important Feature,0.9693333333333335,0.5,0.4656348373880424,0.6463783432008673,0.1646585626605543,0.0022222222222220145,0.9977127172918575
2,5,Dirty Important Feature,0.9677333333333333,0.75,0.4656348373880424,0.5265203558144802,0.2204686171268727,0.0038222222222221713,0.9960658737419945
2,5,Dirty Important Feature,0.9647111111111112,1.0,0.4656348373880424,0.4345375454579027,0.2632990180697528,0.00684444444444432,0.9929551692589206
2,5,Dirty Important Feature,0.9521777777777777,2.0,0.4656348373880424,0.2644889659734073,0.34247956072608343,0.019377777777777827,0.9800548947849954
2,5,Dirty Important Feature,0.9411555555555557,4.0,0.4656348373880424,0.2086564474993288,0.3684771263867258,0.03039999999999976,0.9687099725526077
2,5,Constant,0.9691555555555554,0.125,0.0,Infinity,-0.04159654789437662,0.0024000000000000687,0.9975297346752058
2,5,Constant,0.9691555555555554,0.25,0.0,Infinity,-0.04159654789437662,0.0024000000000000687,0.9975297346752058
2,5,Constant,0.9691555555555554,0.5,0.0,Infinity,-0.04159654789437662,0.0024000000000000687,0.9975297346752058
2,5,Constant,0.9691555555555554,0.75,0.0,Infinity,-0.04159654789437662,0.0024000000000000687,0.9975297346752058
2,5,Constant,0.9691555555555554,1.0,0.0,Infinity,-0.04159654789437662,0.0024000000000000687,0.9975297346752058
2,5,Constant,0.9691555555555554,2.0,0.0,Infinity,-0.04159654789437662,0.0024000000000000687,0.9975297346752058
2,5,Constant,0.9691555555555554,4.0,0.0,Infinity,-0.04159654789437662,0.0024000000000000687,0.9975297346752058
2,5,Noise,0.9708444444444444,0.125,0.057276225408698325,0.8982002207285866,0.005830707104105208,0.0007111111111111068,0.9992680695333943
2,5,Noise,0.9707555555555555,0.25,0.057276225408698325,0.874403373318376,0.007193700700388828,0.0008000000000000229,0.9991765782250686
2,5,Noise,0.9697777777777778,0.5,0.057276225408698325,0.9068011634886246,0.005338077567853962,0.001777777777777656,0.9981701738334859
2,5,Noise,0.9719111111111112,0.75,0.057276225408698325,0.9367345449602684,0.003623606463439538,-0.0003555555555556644,1.000365965233303
2,5,Noise,0.9709333333333335,1.0,0.057276225408698325,0.9067375127573635,0.005341723241485102,0.0006222222222219687,0.9993595608417203
2,5,Noise,0.9720888888888888,2.0,0.057276225408698325,0.8615796733637922,0.007928193829561087,-0.0005333333333332746,1.0005489478499543
2,5,Noise,0.9708444444444444,4.0,0.057276225408698325,0.9228563138178156,0.004418499158628679,0.0007111111111111068,0.9992680695333943
2,5,Clean Important Feature w/ Lower Variance,0.9706666666666667,0.125,0.33330537698900436,1.129086833450692,-0.04302533568759975,0.000888888888888828,0.999085086916743
2,5,Clean Important Feature w/ Lower Variance,0.9660444444444444,0.25,0.33330537698900436,1.1033356410468256,-0.034442324795512624,0.005511111111111133,0.994327538883806
2,5,Clean Important Feature w/ Lower Variance,0.9674666666666667,0.5,0.33330537698900436,0.9738397799206033,0.008719342015678644,0.004088888888888809,0.9957913998170175
2,5,Clean Important Feature w/ Lower Variance,0.9639111111111112,0.75,0.33330537698900436,0.8179493196351175,0.060678470650121885,0.007644444444444343,0.9921317474839891
2,5,Clean Important Feature w/ Lower Variance,0.9612444444444443,1.0,0.33330537698900436,0.702548780181401,0.09914209095747734,0.01031111111111116,0.9893870082342177
2,5,Clean Important Feature w/ Lower Variance,0.9530666666666665,2.0,0.33330537698900436,0.4518602653269436,0.1826979209078559,0.018488888888889,0.9809698078682524
2,5,Clean Important Feature w/ Lower Variance,0.9516444444444444,4.0,0.33330537698900436,0.31606762473723177,0.22795833817194217,0.0199111111111111,0.9795059469350412
3,5,Baseline,0.9333333333333333,0.0,0.0,1,0.0,0.0,1.0
3,5,Dirty Important Feature Reversed,0.9331555555555555,0.125,0.2647281949652387,1.0683847747994635,-0.018103377995766334,0.0001777777777778322,0.9998095238095237
3,5,Dirty Important Feature Reversed,0.9303111111111111,0.25,0.2647281949652387,0.915951394170929,0.02225003571047482,0.0030222222222222594,0.9967619047619047
3,5,Dirty Important Feature Reversed,0.9213333333333334,0.5,0.2647281949652387,0.7073068041284156,0.07748414142169158,0.0119999999999999,0.9871428571428572
3,5,Dirty Important Feature Reversed,0.9185777777777778,0.75,0.2647281949652387,0.5927114110707962,0.10782077297716722,0.014755555555555522,0.9841904761904763
3,5,Dirty Important Feature Reversed,0.9146666666666666,1.0,0.2647281949652387,0.5547168624493459,0.11787900125224274,0.01866666666666672,0.98
3,5,Dirty Important Feature Reversed,0.9105777777777778,2.0,0.2647281949652387,0.5156391306100852,0.1282239786653859,0.02275555555555553,0.9756190476190476
3,5,Dirty Important Feature Reversed,0.9112888888888889,4.0,0.2647281949652387,0.5125040551639005,0.1290539215293342,0.022044444444444422,0.9763809523809525
3,5,Constant,0.9344000000000001,0.125,0.0,Infinity,-0.07132519749673849,-0.0010666666666667712,1.0011428571428573
3,5,Constant,0.9344000000000001,0.25,0.0,Infinity,-0.07132519749673849,-0.0010666666666667712,1.0011428571428573
3,5,Constant,0.9344000000000001,0.5,0.0,Infinity,-0.07132519749673849,-0.0010666666666667712,1.0011428571428573
3,5,Constant,0.9344000000000001,0.75,0.0,Infinity,-0.07132519749673849,-0.0010666666666667712,1.0011428571428573
3,5,Constant,0.9344000000000001,1.0,0.0,Infinity,-0.07132519749673849,-0.0010666666666667712,1.0011428571428573
3,5,Constant,0.9344000000000001,2.0,0.0,Infinity,-0.07132519749673849,-0.0010666666666667712,1.0011428571428573
3,5,Constant,0.9344000000000001,4.0,0.0,Infinity,-0.07132519749673849,-0.0010666666666667712,1.0011428571428573
3,5,Clean Important Feature w/ Higher Variance,0.9351111111111111,0.125,0.11715050779425257,0.8815947059002645,0.013871240329311835,-0.001777777777777767,1.0019047619047619
3,5,Clean Important Feature w/ Higher Variance,0.9345777777777776,0.25,0.11715050779425257,0.8865100164332589,0.013295409204405098,-0.0012444444444442704,1.0013333333333332
3,5,Clean Important Feature w/ Higher Variance,0.9335111111111111,0.5,0.11715050779425257,0.8888398027266572,0.013022473557081402,-0.0001777777777777212,1.000190476190476
3,5,Clean Important Feature w/ Higher Variance,0.9321777777777778,0.75,0.11715050779425257,0.8813794904267895,0.013896452931314598,0.0011555555555555763,0.9987619047619047
3,5,Clean Important Feature w/ Higher Variance,0.9326222222222222,1.0,0.11715050779425257,0.8921065525622353,0.01263977215500664,0.0007111111111111068,0.9992380952380953
3,5,Clean Important Feature w/ Higher Variance,0.9356444444444445,2.0,0.11715050779425257,0.8521778778981158,0.017317436667459732,-0.0023111111111111526,1.0024761904761905
3,5,Clean Important Feature w/ Higher Variance,0.933688888888889,4.0,0.11715050779425257,0.834982067330307,0.01933193460741231,-0.0003555555555556644,1.0003809523809526
3,5,Noise,0.9335111111111113,0.125,0.10537227869259379,0.8389740232435408,0.01696767409952875,-0.00017777777777794324,1.0001904761904763
3,5,Noise,0.9340444444444446,0.25,0.10537227869259379,0.8551656777499047,0.015261522568389974,-0.0007111111111112178,1.000761904761905
3,5,Noise,0.936888888888889,0.5,0.10537227869259379,0.853356250961645,0.015452185992196318,-0.003555555555555645,1.003809523809524
3,5,Noise,0.9357333333333333,0.75,0.10537227869259379,0.8480210147995948,0.01601437198395468,-0.0023999999999999577,1.0025714285714284
3,5,Noise,0.9369777777777777,1.0,0.10537227869259379,0.8685554345031911,0.013850613388156643,-0.003644444444444339,1.0039047619047619
3,5,Noise,0.9322666666666665,2.0,0.10537227869259379,0.8966082207738677,0.010894627375139146,0.0010666666666668823,0.9988571428571427
3,5,Noise,0.9346666666666665,4.0,0.10537227869259379,0.8788796483778359,0.012762727446475622,-0.0013333333333331865,1.0014285714285713
3,5,Clean Important Feature w/ Lower Variance,0.9308444444444444,0.125,0.512749018547915,0.9793995121025241,0.010562879951038995,0.002488888888888985,0.9973333333333332
3,5,Clean Important Feature w/ Lower Variance,0.9333333333333332,0.25,0.512749018547915,0.9227569257462868,0.03960631051321517,1.1102230246251565e-16,0.9999999999999999
3,5,Clean Important Feature w/ Lower Variance,0.9261333333333333,0.5,0.512749018547915,0.8409732459328021,0.08154081207081637,0.007200000000000095,0.9922857142857142
3,5,Clean Important Feature w/ Lower Variance,0.921511111111111,0.75,0.512749018547915,0.7483712141753195,0.12902241297000844,0.0118222222222224,0.9873333333333332
3,5,Clean Important Feature w/ Lower Variance,0.9176888888888888,1.0,0.512749018547915,0.6703416810139925,0.16903197951623083,0.015644444444444572,0.9832380952380951
3,5,Clean Important Feature w/ Lower Variance,0.8906666666666668,2.0,0.512749018547915,0.4622613183911848,0.27572498123016975,0.04266666666666652,0.9542857142857144
3,5,Clean Important Feature w/ Lower Variance,0.8742222222222222,4.0,0.512749018547915,0.35684818578718963,0.3297754615149295,0.059111111111111114,0.9366666666666666
4,5,Baseline,0.9706666666666667,0.0,0.0,1,0.0,0.0,1.0
4,5,Dirty Important Feature,0.9697777777777778,0.125,0.33957077998667795,0.9214700939373373,0.02666646145397894,0.000888888888888828,0.9990842490842492
4,5,Dirty Important Feature,0.9713777777777777,0.25,0.33957077998667795,0.9024454905692273,0.0331266608586252,-0.0007111111111109958,1.0007326007326005
4,5,Dirty Important Feature,0.966488888888889,0.5,0.33957077998667795,0.7604815871535301,0.08133345427144695,0.004177777777777725,0.9956959706959707
4,5,Dirty Important Feature,0.9622222222222222,0.75,0.33957077998667795,0.6627868555126178,0.11450773049534069,0.008444444444444477,0.9913003663003662
4,5,Dirty Important Feature,0.9559999999999998,1.0,0.33957077998667795,0.5423358750060103,0.15540936389612953,0.014666666666666828,0.9848901098901097
4,5,Dirty Important Feature,0.9416,2.0,0.33957077998667795,0.3458274868118676,0.2221378705491395,0.029066666666666685,0.970054945054945
4,5,Dirty Important Feature,0.9429333333333332,4.0,0.33957077998667795,0.29370945956582234,0.239835629712446,0.0277333333333335,0.9714285714285713
4,5,Noise,0.9709333333333333,0.125,0.050784288114017785,1.1573908031166893,-0.007992979891974603,-0.0002666666666666373,1.0002747252747253
4,5,Noise,0.9711111111111113,0.25,0.050784288114017785,1.1393937067353943,-0.007079010164131171,-0.00044444444444458053,1.0004578754578757
4,5,Noise,0.9717333333333334,0.5,0.050784288114017785,1.1126544786578274,-0.005721077501493574,-0.0010666666666667712,1.0010989010989013
4,5,Noise,0.9717333333333332,0.75,0.050784288114017785,1.1069212836437468,-0.005429921274084655,-0.0010666666666665492,1.0010989010989009
4,5,Noise,0.9718222222222221,1.0,0.050784288114017785,1.0482599715596421,-0.0024508483000591705,-0.0011555555555554653,1.0011904761904762
4,5,Noise,0.972088888888889,2.0,0.050784288114017785,1.0276639456225614,-0.001404893784866676,-0.0014222222222223246,1.0014652014652015
4,5,Noise,0.9735999999999999,4.0,0.050784288114017785,1.0264931504175925,-0.0013454357838550285,-0.0029333333333332323,1.003021978021978
4,5,Clean Important Feature w/ Lower Variance,0.9712,0.125,0.4374050226421521,0.9445023225588973,0.024274962857712357,-0.0005333333333332746,1.0005494505494505
4,5,Clean Important Feature w/ Lower Variance,0.9718222222222224,0.25,0.4374050226421521,0.9028954086781289,0.04247403596579996,-0.0011555555555556873,1.0011904761904764
4,5,Clean Important Feature w/ Lower Variance,0.9698666666666667,0.5,0.4374050226421521,0.7737886268737628,0.09894599078419408,0.0008000000000000229,0.9991758241758242
4,5,Clean Important Feature w/ Lower Variance,0.9714666666666668,0.75,0.4374050226421521,0.6165991377556583,0.1677014628310069,-0.0008000000000001339,1.000824175824176
4,5,Clean Important Feature w/ Lower Variance,0.9672000000000001,1.0,0.4374050226421521,0.49841831435387574,0.2193943485669318,0.003466666666666618,0.9964285714285714
4,5,Clean Important Feature w/ Lower Variance,0.9626666666666667,2.0,0.4374050226421521,0.303906457397526,0.304474811763091,0.008000000000000007,0.9917582417582418
4,5,Clean Important Feature w/ Lower Variance,0.9612444444444443,4.0,0.4374050226421521,0.22269957568962673,0.3399951096952333,0.009422222222222332,0.9902930402930402
4,5,Dirty Important Feature Reversed,0.9715555555555555,0.125,0.1722399092571522,1.082489255193133,-0.014207941829155302,-0.000888888888888828,1.000915750915751
4,5,Dirty Important Feature Reversed,0.9696000000000001,0.25,0.1722399092571522,0.9532791437953007,0.00804719603311388,0.0010666666666665492,0.998901098901099
4,5,Dirty Important Feature Reversed,0.9647111111111112,0.5,0.1722399092571522,0.6687406097220676,0.05705608732205064,0.005955555555555492,0.9938644688644689
4,5,Dirty Important Feature Reversed,0.96,0.75,0.1722399092571522,0.5279316325547504,0.08130901277194177,0.010666666666666713,0.9890109890109889
4,5,Dirty Important Feature Reversed,0.9583111111111112,1.0,0.1722399092571522,0.45724441342440575,0.09348417298059278,0.012355555555555453,0.9872710622710624
4,5,Dirty Important Feature Reversed,0.9591111111111112,2.0,0.1722399092571522,0.40520851350140275,0.10244683166144507,0.01155555555555543,0.9880952380952382
4,5,Dirty Important Feature Reversed,0.9592,4.0,0.1722399092571522,0.4220062284995299,0.09955359475444014,0.011466666666666625,0.9881868131868132
4,5,Constant,0.972622222222222,0.125,0.0,Infinity,-0.042685860255103764,-0.001955555555555377,1.0020146520146518
4,5,Constant,0.972622222222222,0.25,0.0,Infinity,-0.042685860255103764,-0.001955555555555377,1.0020146520146518
4,5,Constant,0.972622222222222,0.5,0.0,Infinity,-0.042685860255103764,-0.001955555555555377,1.0020146520146518
4,5,Constant,0.972622222222222,0.75,0.0,Infinity,-0.042685860255103764,-0.001955555555555377,1.0020146520146518
4,5,Constant,0.972622222222222,1.0,0.0,Infinity,-0.042685860255103764,-0.001955555555555377,1.0020146520146518
4,5,Constant,0.972622222222222,2.0,0.0,Infinity,-0.042685860255103764,-0.001955555555555377,1.0020146520146518
4,5,Constant,0.972622222222222,4.0,0.0,Infinity,-0.042685860255103764,-0.001955555555555377,1.0020146520146518
5,5,Baseline,0.968,0.0,0.0,1,0.0,0.0,1.0
5,5,Dirty Important Feature Reversed,0.9662222222222223,0.125,0.1211859764885704,1.4840740529034713,-0.058662986793887054,0.001777777777777656,0.9981634527089074
5,5,Dirty Important Feature Reversed,0.9624888888888888,0.25,0.1211859764885704,1.3007863916348188,-0.03645109258473907,0.005511111111111133,0.9943067033976125
5,5,Dirty Important Feature Reversed,0.9550222222222222,0.5,0.1211859764885704,0.900045097007546,0.012113132523960873,0.012977777777777755,0.986593204775023
5,5,Dirty Important Feature Reversed,0.9524444444444444,0.75,0.1211859764885704,0.7017610878521572,0.03614237379552529,0.015555555555555545,0.9839302112029384
5,5,Dirty Important Feature Reversed,0.9510222222222223,1.0,0.1211859764885704,0.6375700527886717,0.04392142706150584,0.016977777777777647,0.9824609733700644
5,5,Dirty Important Feature Reversed,0.9509333333333331,2.0,0.1211859764885704,0.5832287622472715,0.050506829419414534,0.017066666666666896,0.9823691460055094
5,5,Dirty Important Feature Reversed,0.9524444444444443,4.0,0.1211859764885704,0.5670307534026384,0.05246980093842189,0.015555555555555656,0.9839302112029383
5,5,Noise,0.9642666666666665,0.125,0.05487630389474957,0.9172869898898856,0.004538984278852132,0.0037333333333334773,0.9961432506887051
5,5,Noise,0.9649777777777777,0.25,0.05487630389474957,0.9310051978291679,0.0037861797310847073,0.0030222222222222594,0.9968778696051422
5,5,Noise,0.9637333333333332,0.5,0.05487630389474957,0.9156642208687544,0.004628035844806713,0.004266666666666752,0.9955922865013773
5,5,Noise,0.9647999999999998,0.75,0.05487630389474957,0.9033637055982805,0.005303042658851245,0.0032000000000002027,0.9966942148760328
5,5,Noise,0.964088888888889,1.0,0.05487630389474957,0.9318339505659203,0.00374070084404908,0.003911111111110976,0.995959595959596
5,5,Noise,0.9662222222222223,2.0,0.05487630389474957,0.9271522514146676,0.003997615189417013,0.001777777777777656,0.9981634527089074
5,5,Noise,0.9650666666666667,4.0,0.05487630389474957,0.9326169747777108,0.003697731369445921,0.0029333333333332323,0.9969696969696971
5,5,Constant,0.9649777777777777,0.125,0.0,Infinity,-0.04045485154386592,0.0030222222222222594,0.9968778696051422
5,5,Constant,0.9649777777777777,0.25,0.0,Infinity,-0.04045485154386592,0.0030222222222222594,0.9968778696051422
5,5,Constant,0.9649777777777777,0.5,0.0,Infinity,-0.04045485154386592,0.0030222222222222594,0.9968778696051422
5,5,Constant,0.9649777777777777,0.75,0.0,Infinity,-0.04045485154386592,0.0030222222222222594,0.9968778696051422
5,5,Constant,0.9649777777777777,1.0,0.0,Infinity,-0.04045485154386592,0.0030222222222222594,0.9968778696051422
5,5,Constant,0.9649777777777777,2.0,0.0,Infinity,-0.04045485154386592,0.0030222222222222594,0.9968778696051422
5,5,Constant,0.9649777777777777,4.0,0.0,Infinity,-0.04045485154386592,0.0030222222222222594,0.9968778696051422
5,5,Dirty Important Feature,0.964622222222222,0.125,0.4664690015980488,0.7616799895042417,0.11116889735679292,0.003377777777777924,0.9965105601469236
5,5,Dirty Important Feature,0.9656,0.25,0.4664690015980488,0.7289988371508228,0.12641364186616594,0.0023999999999999577,0.9975206611570249
5,5,Dirty Important Feature,0.9619555555555553,0.5,0.4664690015980488,0.6140994858076553,0.18001062757147673,0.00604444444444463,0.9937557392102845
5,5,Dirty Important Feature,0.9591999999999998,0.75,0.4664690015980488,0.5108819047319827,0.22815842956321136,0.008800000000000141,0.9909090909090907
5,5,Dirty Important Feature,0.9548444444444444,1.0,0.4664690015980488,0.4210718370818032,0.2700520421534438,0.013155555555555587,0.9864095500459137
5,5,Dirty Important Feature,0.9452444444444446,2.0,0.4664690015980488,0.26652130760485143,0.3421450733350073,0.022755555555555418,0.976492194674013
5,5,Dirty Important Feature,0.9393777777777779,4.0,0.4664690015980488,0.20786307033447213,0.3695073227100226,0.028622222222222105,0.970431588613407
5,5,Clean Important Feature w/ Lower Variance,0.9655111111111111,0.125,0.3574687180186312,1.0405404485907737,-0.014491942185644091,0.002488888888888874,0.9974288337924702
5,5,Clean Important Feature w/ Lower Variance,0.9652444444444443,0.25,0.3574687180186312,0.9782104221229444,0.007789092469878189,0.002755555555555622,0.9971533516988061
5,5,Clean Important Feature w/ Lower Variance,0.9645333333333334,0.5,0.3574687180186312,0.8551812457088237,0.05176817444152193,0.003466666666666618,0.9964187327823691
5,5,Clean Important Feature w/ Lower Variance,0.9581333333333333,0.75,0.3574687180186312,0.6695514451725068,0.11812502126529337,0.00986666666666669,0.9898071625344352
5,5,Clean Important Feature w/ Lower Variance,0.9554666666666666,1.0,0.3574687180186312,0.5457495402763204,0.16238032949679762,0.012533333333333396,0.9870523415977961
5,5,Clean Important Feature w/ Lower Variance,0.9450666666666667,2.0,0.3574687180186312,0.33157631473038685,0.23894055786661766,0.02293333333333325,0.9763085399449036
5,5,Clean Important Feature w/ Lower Variance,0.9413333333333334,4.0,0.3574687180186312,0.24329654046890983,0.270497815598842,0.026666666666666616,0.9724517906336089
6,5,Baseline,0.9333333333333333,0.0,0.0,1,0.0,0.0,1.0
6,5,Dirty Important Feature Reversed,0.9331555555555555,0.125,0.2647281949652387,1.0683847747994635,-0.018103377995766334,0.0001777777777778322,0.9998095238095237
6,5,Dirty Important Feature Reversed,0.9303111111111111,0.25,0.2647281949652387,0.915951394170929,0.02225003571047482,0.0030222222222222594,0.9967619047619047
6,5,Dirty Important Feature Reversed,0.9213333333333334,0.5,0.2647281949652387,0.7073068041284156,0.07748414142169158,0.0119999999999999,0.9871428571428572
6,5,Dirty Important Feature Reversed,0.9185777777777778,0.75,0.2647281949652387,0.5927114110707962,0.10782077297716722,0.014755555555555522,0.9841904761904763
6,5,Dirty Important Feature Reversed,0.9146666666666666,1.0,0.2647281949652387,0.5547168624493459,0.11787900125224274,0.01866666666666672,0.98
6,5,Dirty Important Feature Reversed,0.9105777777777778,2.0,0.2647281949652387,0.5156391306100852,0.1282239786653859,0.02275555555555553,0.9756190476190476
6,5,Dirty Important Feature Reversed,0.9112888888888889,4.0,0.2647281949652387,0.5125040551639005,0.1290539215293342,0.022044444444444422,0.9763809523809525
6,5,Constant,0.9344000000000001,0.125,0.0,Infinity,-0.07132519749673849,-0.0010666666666667712,1.0011428571428573
6,5,Constant,0.9344000000000001,0.25,0.0,Infinity,-0.07132519749673849,-0.0010666666666667712,1.0011428571428573
6,5,Constant,0.9344000000000001,0.5,0.0,Infinity,-0.07132519749673849,-0.0010666666666667712,1.0011428571428573
6,5,Constant,0.9344000000000001,0.75,0.0,Infinity,-0.07132519749673849,-0.0010666666666667712,1.0011428571428573
6,5,Constant,0.9344000000000001,1.0,0.0,Infinity,-0.07132519749673849,-0.0010666666666667712,1.0011428571428573
6,5,Constant,0.9344000000000001,2.0,0.0,Infinity,-0.07132519749673849,-0.0010666666666667712,1.0011428571428573
6,5,Constant,0.9344000000000001,4.0,0.0,Infinity,-0.07132519749673849,-0.0010666666666667712,1.0011428571428573
6,5,Clean Important Feature w/ Higher Variance,0.9351111111111111,0.125,0.11715050779425257,0.8815947059002645,0.013871240329311835,-0.001777777777777767,1.0019047619047619
6,5,Clean Important Feature w/ Higher Variance,0.9345777777777776,0.25,0.11715050779425257,0.8865100164332589,0.013295409204405098,-0.0012444444444442704,1.0013333333333332
6,5,Clean Important Feature w/ Higher Variance,0.9335111111111111,0.5,0.11715050779425257,0.8888398027266572,0.013022473557081402,-0.0001777777777777212,1.000190476190476
6,5,Clean Important Feature w/ Higher Variance,0.9321777777777778,0.75,0.11715050779425257,0.8813794904267895,0.013896452931314598,0.0011555555555555763,0.9987619047619047
6,5,Clean Important Feature w/ Higher Variance,0.9326222222222222,1.0,0.11715050779425257,0.8921065525622353,0.01263977215500664,0.0007111111111111068,0.9992380952380953
6,5,Clean Important Feature w/ Higher Variance,0.9356444444444445,2.0,0.11715050779425257,0.8521778778981158,0.017317436667459732,-0.0023111111111111526,1.0024761904761905
6,5,Clean Important Feature w/ Higher Variance,0.933688888888889,4.0,0.11715050779425257,0.834982067330307,0.01933193460741231,-0.0003555555555556644,1.0003809523809526
6,5,Noise,0.9335111111111113,0.125,0.10537227869259379,0.8389740232435408,0.01696767409952875,-0.00017777777777794324,1.0001904761904763
6,5,Noise,0.9340444444444446,0.25,0.10537227869259379,0.8551656777499047,0.015261522568389974,-0.0007111111111112178,1.000761904761905
6,5,Noise,0.936888888888889,0.5,0.10537227869259379,0.853356250961645,0.015452185992196318,-0.003555555555555645,1.003809523809524
6,5,Noise,0.9357333333333333,0.75,0.10537227869259379,0.8480210147995948,0.01601437198395468,-0.0023999999999999577,1.0025714285714284
6,5,Noise,0.9369777777777777,1.0,0.10537227869259379,0.8685554345031911,0.013850613388156643,-0.003644444444444339,1.0039047619047619
6,5,Noise,0.9322666666666665,2.0,0.10537227869259379,0.8966082207738677,0.010894627375139146,0.0010666666666668823,0.9988571428571427
6,5,Noise,0.9346666666666665,4.0,0.10537227869259379,0.8788796483778359,0.012762727446475622,-0.0013333333333331865,1.0014285714285713
6,5,Clean Important Feature w/ Lower Variance,0.9308444444444444,0.125,0.512749018547915,0.9793995121025241,0.010562879951038995,0.002488888888888985,0.9973333333333332
6,5,Clean Important Feature w/ Lower Variance,0.9333333333333332,0.25,0.512749018547915,0.9227569257462868,0.03960631051321517,1.1102230246251565e-16,0.9999999999999999
6,5,Clean Important Feature w/ Lower Variance,0.9261333333333333,0.5,0.512749018547915,0.8409732459328021,0.08154081207081637,0.007200000000000095,0.9922857142857142
6,5,Clean Important Feature w/ Lower Variance,0.921511111111111,0.75,0.512749018547915,0.7483712141753195,0.12902241297000844,0.0118222222222224,0.9873333333333332
6,5,Clean Important Feature w/ Lower Variance,0.9176888888888888,1.0,0.512749018547915,0.6703416810139925,0.16903197951623083,0.015644444444444572,0.9832380952380951
6,5,Clean Important Feature w/ Lower Variance,0.8906666666666668,2.0,0.512749018547915,0.4622613183911848,0.27572498123016975,0.04266666666666652,0.9542857142857144
6,5,Clean Important Feature w/ Lower Variance,0.8742222222222222,4.0,0.512749018547915,0.35684818578718963,0.3297754615149295,0.059111111111111114,0.9366666666666666
7,5,Baseline,0.9644444444444444,0.0,0.0,1,0.0,0.0,1.0
7,5,Dirty Important Feature,0.9620444444444445,0.125,0.36294849501291593,0.9532093797646595,0.016982585195137734,0.0023999999999999577,0.9975115207373272
7,5,Dirty Important Feature,0.9626666666666667,0.25,0.36294849501291593,0.9121983390781965,0.03186748069120293,0.001777777777777767,0.9981566820276497
7,5,Dirty Important Feature,0.9595555555555555,0.5,0.36294849501291593,0.7740633052693733,0.08200338332067358,0.004888888888888943,0.9949308755760368
7,5,Dirty Important Feature,0.9543111111111111,0.75,0.36294849501291593,0.6799408489035932,0.1161649872055523,0.010133333333333328,0.9894930875576037
7,5,Dirty Important Feature,0.9498666666666666,1.0,0.36294849501291593,0.5638689082500338,0.1582931233789902,0.0145777777777778,0.9848847926267281
7,5,Dirty Important Feature,0.9422222222222221,2.0,0.36294849501291593,0.34897156419139647,0.2362897909873454,0.022222222222222365,0.976958525345622
7,5,Dirty Important Feature,0.9371555555555554,4.0,0.36294849501291593,0.2612357970833826,0.2681333556180027,0.02728888888888903,0.9717050691244238
7,5,Constant,0.9619555555555556,0.125,0.0,Infinity,-0.041316285320576344,0.002488888888888874,0.9974193548387097
7,5,Constant,0.9619555555555556,0.25,0.0,Infinity,-0.041316285320576344,0.002488888888888874,0.9974193548387097
7,5,Constant,0.9619555555555556,0.5,0.0,Infinity,-0.041316285320576344,0.002488888888888874,0.9974193548387097
7,5,Constant,0.9619555555555556,0.75,0.0,Infinity,-0.041316285320576344,0.002488888888888874,0.9974193548387097
7,5,Constant,0.9619555555555556,1.0,0.0,Infinity,-0.041316285320576344,0.002488888888888874,0.9974193548387097
7,5,Constant,0.9619555555555556,2.0,0.0,Infinity,-0.041316285320576344,0.002488888888888874,0.9974193548387097
7,5,Constant,0.9619555555555556,4.0,0.0,Infinity,-0.041316285320576344,0.002488888888888874,0.9974193548387097
7,5,Dirty Important Feature Reversed,0.9623999999999999,0.125,0.15793431659830184,1.2049790140842678,-0.03237322050639252,0.0020444444444445153,0.9978801843317971
7,5,Dirty Important Feature Reversed,0.9560000000000001,0.25,0.15793431659830184,1.0078488142747766,-0.0012395971185938381,0.008444444444444366,0.9912442396313365
7,5,Dirty Important Feature Reversed,0.954577777777778,0.5,0.15793431659830184,0.7088556299001051,0.04598168712316997,0.009866666666666468,0.9897695852534564
7,5,Dirty Important Feature Reversed,0.9545777777777777,0.75,0.15793431659830184,0.5933371599381212,0.06422601773109735,0.00986666666666669,0.9897695852534562
7,5,Dirty Important Feature Reversed,0.9536000000000001,1.0,0.15793431659830184,0.5239473376077051,0.07518505189972921,0.010844444444444323,0.9887557603686637
7,5,Dirty Important Feature Reversed,0.954577777777778,2.0,0.15793431659830184,0.4651217711262504,0.08447562754048572,0.009866666666666468,0.9897695852534564
7,5,Dirty Important Feature Reversed,0.9541333333333333,4.0,0.15793431659830184,0.4658623121165526,0.08435867070526931,0.01031111111111116,0.9893087557603686
7,5,Noise,0.9617777777777778,0.125,0.058197876557091764,0.9917456204439778,0.00048038736245675784,0.002666666666666595,0.9972350230414747
7,5,Noise,0.963111111111111,0.25,0.058197876557091764,0.9366723660859603,0.0036855338211819813,0.0013333333333334085,0.9986175115207373
7,5,Noise,0.9630222222222222,0.5,0.058197876557091764,0.9289052046096,0.004137566125982192,0.0014222222222222136,0.9985253456221198
7,5,Noise,0.9632888888888889,0.75,0.058197876557091764,0.9202885890710129,0.0046390348534368075,0.0011555555555555763,0.9988018433179723
7,5,Noise,0.9638222222222221,1.0,0.058197876557091764,0.9184843139461369,0.004744039834429371,0.0006222222222223017,0.9993548387096773
7,5,Noise,0.9651555555555555,2.0,0.058197876557091764,0.947123731709605,0.0030772865347640788,-0.0007111111111111068,1.0007373271889402
7,5,Noise,0.9649777777777778,4.0,0.058197876557091764,0.9330065572792725,0.003898876109595495,-0.0005333333333333856,1.0005529953917052
7,5,Clean Important Feature w/ Lower Variance,0.9597333333333333,0.125,0.42091931183169046,0.9333906477479463,0.028037162711489094,0.00471111111111111,0.9951152073732719
7,5,Clean Important Feature w/ Lower Variance,0.9583111111111112,0.25,0.42091931183169046,0.9074960467294327,0.03893670035235802,0.006133333333333213,0.9936405529953918
7,5,Clean Important Feature w/ Lower Variance,0.9603555555555555,0.5,0.42091931183169046,0.7739752985537118,0.09513816178973489,0.00408888888888892,0.9957603686635944
7,5,Clean Important Feature w/ Lower Variance,0.9593777777777778,0.75,0.42091931183169046,0.6518020147672319,0.14656325632535788,0.005066666666666664,0.9947465437788019
7,5,Clean Important Feature w/ Lower Variance,0.9569777777777777,1.0,0.42091931183169046,0.5464757234594483,0.1908971263804143,0.0074666666666667325,0.992258064516129
7,5,Clean Important Feature w/ Lower Variance,0.9517333333333333,2.0,0.42091931183169046,0.32562838358506635,0.2838560367001986,0.012711111111111117,0.9868202764976959
7,5,Clean Important Feature w/ Lower Variance,0.9497777777777779,4.0,0.42091931183169046,0.23122152211737873,0.32359370786136743,0.014666666666666495,0.9847926267281107
8,5,Baseline,0.9644444444444444,0.0,0.0,1,0.0,0.0,1.0
8,5,Dirty Important Feature,0.9620444444444445,0.125,0.36294849501291593,0.9532093797646595,0.016982585195137734,0.0023999999999999577,0.9975115207373272
8,5,Dirty Important Feature,0.9626666666666667,0.25,0.36294849501291593,0.9121983390781965,0.03186748069120293,0.001777777777777767,0.9981566820276497
8,5,Dirty Important Feature,0.9595555555555555,0.5,0.36294849501291593,0.7740633052693733,0.08200338332067358,0.004888888888888943,0.9949308755760368
8,5,Dirty Important Feature,0.9543111111111111,0.75,0.36294849501291593,0.6799408489035932,0.1161649872055523,0.010133333333333328,0.9894930875576037
8,5,Dirty Important Feature,0.9498666666666666,1.0,0.36294849501291593,0.5638689082500338,0.1582931233789902,0.0145777777777778,0.9848847926267281
8,5,Dirty Important Feature,0.9422222222222221,2.0,0.36294849501291593,0.34897156419139647,0.2362897909873454,0.022222222222222365,0.976958525345622
8,5,Dirty Important Feature,0.9371555555555554,4.0,0.36294849501291593,0.2612357970833826,0.2681333556180027,0.02728888888888903,0.9717050691244238
8,5,Constant,0.9619555555555556,0.125,0.0,Infinity,-0.041316285320576344,0.002488888888888874,0.9974193548387097
8,5,Constant,0.9619555555555556,0.25,0.0,Infinity,-0.041316285320576344,0.002488888888888874,0.9974193548387097
8,5,Constant,0.9619555555555556,0.5,0.0,Infinity,-0.041316285320576344,0.002488888888888874,0.9974193548387097
8,5,Constant,0.9619555555555556,0.75,0.0,Infinity,-0.041316285320576344,0.002488888888888874,0.9974193548387097
8,5,Constant,0.9619555555555556,1.0,0.0,Infinity,-0.041316285320576344,0.002488888888888874,0.9974193548387097
8,5,Constant,0.9619555555555556,2.0,0.0,Infinity,-0.041316285320576344,0.002488888888888874,0.9974193548387097
8,5,Constant,0.9619555555555556,4.0,0.0,Infinity,-0.041316285320576344,0.002488888888888874,0.9974193548387097
8,5,Dirty Important Feature Reversed,0.9623999999999999,0.125,0.15793431659830184,1.2049790140842678,-0.03237322050639252,0.0020444444444445153,0.9978801843317971
8,5,Dirty Important Feature Reversed,0.9560000000000001,0.25,0.15793431659830184,1.0078488142747766,-0.0012395971185938381,0.008444444444444366,0.9912442396313365
8,5,Dirty Important Feature Reversed,0.954577777777778,0.5,0.15793431659830184,0.7088556299001051,0.04598168712316997,0.009866666666666468,0.9897695852534564
8,5,Dirty Important Feature Reversed,0.9545777777777777,0.75,0.15793431659830184,0.5933371599381212,0.06422601773109735,0.00986666666666669,0.9897695852534562
8,5,Dirty Important Feature Reversed,0.9536000000000001,1.0,0.15793431659830184,0.5239473376077051,0.07518505189972921,0.010844444444444323,0.9887557603686637
8,5,Dirty Important Feature Reversed,0.954577777777778,2.0,0.15793431659830184,0.4651217711262504,0.08447562754048572,0.009866666666666468,0.9897695852534564
8,5,Dirty Important Feature Reversed,0.9541333333333333,4.0,0.15793431659830184,0.4658623121165526,0.08435867070526931,0.01031111111111116,0.9893087557603686
8,5,Noise,0.9617777777777778,0.125,0.058197876557091764,0.9917456204439778,0.00048038736245675784,0.002666666666666595,0.9972350230414747
8,5,Noise,0.963111111111111,0.25,0.058197876557091764,0.9366723660859603,0.0036855338211819813,0.0013333333333334085,0.9986175115207373
8,5,Noise,0.9630222222222222,0.5,0.058197876557091764,0.9289052046096,0.004137566125982192,0.0014222222222222136,0.9985253456221198
8,5,Noise,0.9632888888888889,0.75,0.058197876557091764,0.9202885890710129,0.0046390348534368075,0.0011555555555555763,0.9988018433179723
8,5,Noise,0.9638222222222221,1.0,0.058197876557091764,0.9184843139461369,0.004744039834429371,0.0006222222222223017,0.9993548387096773
8,5,Noise,0.9651555555555555,2.0,0.058197876557091764,0.947123731709605,0.0030772865347640788,-0.0007111111111111068,1.0007373271889402
8,5,Noise,0.9649777777777778,4.0,0.058197876557091764,0.9330065572792725,0.003898876109595495,-0.0005333333333333856,1.0005529953917052
8,5,Clean Important Feature w/ Lower Variance,0.9597333333333333,0.125,0.42091931183169046,0.9333906477479463,0.028037162711489094,0.00471111111111111,0.9951152073732719
8,5,Clean Important Feature w/ Lower Variance,0.9583111111111112,0.25,0.42091931183169046,0.9074960467294327,0.03893670035235802,0.006133333333333213,0.9936405529953918
8,5,Clean Important Feature w/ Lower Variance,0.9603555555555555,0.5,0.42091931183169046,0.7739752985537118,0.09513816178973489,0.00408888888888892,0.9957603686635944
8,5,Clean Important Feature w/ Lower Variance,0.9593777777777778,0.75,0.42091931183169046,0.6518020147672319,0.14656325632535788,0.005066666666666664,0.9947465437788019
8,5,Clean Important Feature w/ Lower Variance,0.9569777777777777,1.0,0.42091931183169046,0.5464757234594483,0.1908971263804143,0.0074666666666667325,0.992258064516129
8,5,Clean Important Feature w/ Lower Variance,0.9517333333333333,2.0,0.42091931183169046,0.32562838358506635,0.2838560367001986,0.012711111111111117,0.9868202764976959
8,5,Clean Important Feature w/ Lower Variance,0.9497777777777779,4.0,0.42091931183169046,0.23122152211737873,0.32359370786136743,0.014666666666666495,0.9847926267281107
9,5,Baseline,0.9395555555555556,0.0,0.0,1,0.0,0.0,1.0
9,5,Clean Important Feature w/ Higher Variance,0.9376888888888889,0.125,0.0908362391882314,1.1038792879350645,-0.00943600384557268,0.0018666666666666831,0.9980132450331126
9,5,Clean Important Feature w/ Higher Variance,0.9398222222222221,0.25,0.0908362391882314,1.109282012753817,-0.009926767049477078,-0.0002666666666665263,1.0002838221381267
9,5,Clean Important Feature w/ Higher Variance,0.9428444444444445,0.5,0.0908362391882314,1.0772334158662076,-0.007015593036946974,-0.0032888888888888967,1.0035004730368968
9,5,Clean Important Feature w/ Higher Variance,0.9448888888888888,0.75,0.0908362391882314,1.0451441898990181,-0.004100728431626149,-0.00533333333333319,1.0056764427625353
9,5,Clean Important Feature w/ Higher Variance,0.9408888888888889,1.0,0.0908362391882314,1.0214170255076664,-0.0019454420517148463,-0.0013333333333332975,1.0014191106906338
9,5,Clean Important Feature w/ Higher Variance,0.9408000000000001,2.0,0.0908362391882314,0.9855135558056322,0.0013158941098265625,-0.0012444444444444924,1.0013245033112583
9,5,Clean Important Feature w/ Higher Variance,0.9451555555555556,4.0,0.0908362391882314,0.9901738217311146,0.0008925730795386749,-0.005600000000000049,1.0059602649006623
9,5,Clean Important Feature w/ Lower Variance,0.9408888888888889,0.125,0.5729011041999937,0.8999800093239482,0.057301563100383146,-0.0013333333333332975,1.0014191106906338
9,5,Clean Important Feature w/ Lower Variance,0.940622222222222,0.25,0.5729011041999937,0.8777329895260777,0.07004690530774227,-0.0010666666666664382,1.0011352885525069
9,5,Clean Important Feature w/ Lower Variance,0.9397333333333332,0.5,0.5729011041999937,0.7934202012937527,0.11834979478422153,-0.00017777777777761017,1.000189214758751
9,5,Clean Important Feature w/ Lower Variance,0.9337777777777777,0.75,0.5729011041999937,0.7030001179946694,0.17015156034812173,0.005777777777777882,0.9938505203405864
9,5,Clean Important Feature w/ Lower Variance,0.9260444444444446,1.0,0.5729011041999937,0.6102689668292675,0.2232773392445171,0.01351111111111103,0.9856196783349103
9,5,Clean Important Feature w/ Lower Variance,0.9067555555555555,2.0,0.5729011041999937,0.4152937964981491,0.3349788296187966,0.03280000000000005,0.9650898770104067
9,5,Clean Important Feature w/ Lower Variance,0.9019555555555557,4.0,0.5729011041999937,0.3083926992283098,0.3962225862848785,0.037599999999999856,0.9599810785241251
9,5,Constant,0.9403555555555556,0.125,0.0,Infinity,-0.06645231036997812,-0.0008000000000000229,1.0008514664143804
9,5,Constant,0.9403555555555556,0.25,0.0,Infinity,-0.06645231036997812,-0.0008000000000000229,1.0008514664143804
9,5,Constant,0.9403555555555556,0.5,0.0,Infinity,-0.06645231036997812,-0.0008000000000000229,1.0008514664143804
9,5,Constant,0.9403555555555556,0.75,0.0,Infinity,-0.06645231036997812,-0.0008000000000000229,1.0008514664143804
9,5,Constant,0.9403555555555556,1.0,0.0,Infinity,-0.06645231036997812,-0.0008000000000000229,1.0008514664143804
9,5,Constant,0.9403555555555556,2.0,0.0,Infinity,-0.06645231036997812,-0.0008000000000000229,1.0008514664143804
9,5,Constant,0.9403555555555556,4.0,0.0,Infinity,-0.06645231036997812,-0.0008000000000000229,1.0008514664143804
9,5,Noise,0.9386666666666666,0.125,0.08981972970565694,0.9184658615822073,0.00732337427446976,0.000888888888888939,0.999053926206244
9,5,Noise,0.9408888888888889,0.25,0.08981972970565694,0.947548358202509,0.004711192288868571,-0.0013333333333332975,1.0014191106906338
9,5,Noise,0.9418666666666666,0.5,0.08981972970565694,0.966088570530195,0.003045915428910334,-0.0023111111111110416,1.0024597918637652
9,5,Noise,0.9394666666666666,0.75,0.08981972970565694,0.9679243053784491,0.0028810302210288963,8.888888888902713e-05,0.9999053926206243
9,5,Noise,0.9394666666666666,1.0,0.08981972970565694,0.9545907976555648,0.004078642280726658,8.888888888902713e-05,0.9999053926206243
9,5,Noise,0.9431999999999998,2.0,0.08981972970565694,0.9744337461841747,0.002296354007323656,-0.003644444444444228,1.003878902554399
9,5,Noise,0.9427555555555557,4.0,0.08981972970565694,0.9639973986364742,0.0032337439231724108,-0.0032000000000000917,1.0034058656575213
9,5,Dirty Important Feature Reversed,0.9363555555555557,0.125,0.24644292690611808,1.0654506772499626,-0.016129856469468462,0.0031999999999998696,0.9965941343424789
9,5,Dirty Important Feature Reversed,0.9292444444444443,0.25,0.24644292690611808,0.9297198773391382,0.01732003913186378,0.01031111111111127,0.9890255439924313
9,5,Dirty Important Feature Reversed,0.9256888888888888,0.5,0.24644292690611808,0.7036607313235227,0.07303071672984959,0.013866666666666805,0.9852412488174076
9,5,Dirty Important Feature Reversed,0.9248888888888889,0.75,0.24644292690611808,0.5858173000520993,0.10207239684903913,0.014666666666666717,0.9843897824030274
9,5,Dirty Important Feature Reversed,0.9233777777777779,1.0,0.24644292690611808,0.5388331420968098,0.11365131025376005,0.016177777777777735,0.9827814569536424
9,5,Dirty Important Feature Reversed,0.9188444444444445,2.0,0.24644292690611808,0.4910434161462098,0.12542875019306718,0.020711111111111125,0.9779564806054872
9,5,Dirty Important Feature Reversed,0.9189333333333332,4.0,0.24644292690611808,0.49816846718627206,0.12367283176039875,0.02062222222222243,0.9780510879848626
